{"cameraMode":{"drawMode":0,"name":"Shaded","section":"Shading Mode"},"sceneLighting":false,"audioPlay":false,"sceneViewState":{"showFog":true,"showMaterialUpdate":false,"showSkybox":false,"showFlares":true,"showImageEffects":true,"showParticleSystems":true},"in2DMode":false,"pivot":{"x":-6.097762584686279,"y":-9.480663299560547,"z":11.904308319091797},"rotation":{"x":0.6172767281532288,"y":-0.03396543860435486,"z":0.026678236201405526,"w":0.7855754494667053},"size":43.31305694580078,"orthographic":false}