{"cameraMode":{"drawMode":0,"name":"Shaded","section":"Shading Mode"},"sceneLighting":false,"audioPlay":false,"sceneViewState":{"showFog":true,"showMaterialUpdate":false,"showSkybox":false,"showFlares":true,"showImageEffects":true,"showParticleSystems":true},"in2DMode":false,"pivot":{"x":-0.020725002512335779,"y":0.328000009059906,"z":-0.07031998038291931},"rotation":{"x":0.7269331216812134,"y":-0.14993171393871308,"z":-0.16793903708457948,"w":-0.648829460144043},"size":0.05214273929595947,"orthographic":true}