{"cameraMode":{"drawMode":0,"name":"Shaded","section":"Shading Mode"},"sceneLighting":false,"audioPlay":false,"sceneViewState":{"showFog":true,"showMaterialUpdate":false,"showSkybox":false,"showFlares":true,"showImageEffects":true,"showParticleSystems":true},"in2DMode":false,"pivot":{"x":0.5464234352111816,"y":0.447509765625,"z":0.16672086715698243},"rotation":{"x":-0.015979666262865068,"y":0.9690039753913879,"z":-0.06491297483444214,"w":-0.23801690340042115},"size":2.0986287593841554,"orthographic":true}