{"cameraMode":{"drawMode":0,"name":"Shaded","section":"Shading Mode"},"sceneLighting":false,"audioPlay":false,"sceneViewState":{"showFog":true,"showMaterialUpdate":false,"showSkybox":false,"showFlares":true,"showImageEffects":true,"showParticleSystems":true},"in2DMode":false,"pivot":{"x":0.5464234352111816,"y":0.447509765625,"z":0.16672086715698243},"rotation":{"x":-0.08974353969097138,"y":0.7228049039840698,"z":-0.09546689689159394,"w":-0.6785838603973389},"size":5.732300281524658,"orthographic":true}