{"cameraMode":{"drawMode":0,"name":"Shaded","section":"Shading Mode"},"sceneLighting":true,"audioPlay":false,"sceneViewState":{"showFog":true,"showMaterialUpdate":false,"showSkybox":true,"showFlares":true,"showImageEffects":true,"showParticleSystems":true},"in2DMode":false,"pivot":{"x":-3.784893035888672,"y":-2.270669937133789,"z":-4.850827693939209},"rotation":{"x":0.23543137311935426,"y":-0.6709384918212891,"z":0.238845556974411,"w":0.661341667175293},"size":20.205413818359376,"orthographic":true}