{"cameraMode":{"drawMode":0,"name":"Shaded","section":"Shading Mode"},"sceneLighting":false,"audioPlay":false,"sceneViewState":{"showFog":true,"showMaterialUpdate":false,"showSkybox":false,"showFlares":true,"showImageEffects":true,"showParticleSystems":true},"in2DMode":false,"pivot":{"x":1.7881393432617188e-7,"y":0.8886947631835938,"z":-0.004407018423080444},"rotation":{"x":-0.22773517668247224,"y":0.25026625394821169,"z":-0.06063971295952797,"w":-0.9391023516654968},"size":1.3717772960662842,"orthographic":true}