{"cameraMode":{"drawMode":0,"name":"Shaded","section":"Shading Mode"},"sceneLighting":false,"audioPlay":false,"sceneViewState":{"showFog":true,"showMaterialUpdate":false,"showSkybox":false,"showFlares":true,"showImageEffects":true,"showParticleSystems":true},"in2DMode":false,"pivot":{"x":14.21746826171875,"y":-7.9318389892578129,"z":114.26055908203125},"rotation":{"x":-0.08454804122447968,"y":0.7314561009407044,"z":-0.09217013418674469,"w":-0.6703847646713257},"size":128.83743286132813,"orthographic":true}