{"cameraMode":{"drawMode":0,"name":"Shaded","section":"Shading Mode"},"sceneLighting":true,"audioPlay":false,"sceneViewState":{"showFog":true,"showMaterialUpdate":false,"showSkybox":true,"showFlares":true,"showImageEffects":true,"showParticleSystems":true},"in2DMode":false,"pivot":{"x":5.922224521636963,"y":-0.2603874206542969,"z":-3.1539993286132814},"rotation":{"x":0.19846875965595246,"y":0.2542363405227661,"z":-0.053394488990306857,"w":0.945057213306427},"size":3.421475887298584,"orthographic":false}