{"cameraMode":{"drawMode":0,"name":"Shaded","section":"Shading Mode"},"sceneLighting":false,"audioPlay":false,"sceneViewState":{"showFog":true,"showMaterialUpdate":false,"showSkybox":false,"showFlares":true,"showImageEffects":true,"showParticleSystems":true},"in2DMode":false,"pivot":{"x":-0.5535964965820313,"y":0.4205021858215332,"z":15.0},"rotation":{"x":0.3467961549758911,"y":-0.18373440206050874,"z":0.06944713741540909,"w":0.9171550869941711},"size":54.596866607666019,"orthographic":false}