{"cameraMode":{"drawMode":0,"name":"Shaded","section":"Shading Mode"},"sceneLighting":false,"audioPlay":false,"sceneViewState":{"showFog":true,"showMaterialUpdate":false,"showSkybox":false,"showFlares":true,"showImageEffects":true,"showParticleSystems":true},"in2DMode":false,"pivot":{"x":0.0,"y":1.404862880706787,"z":5.960464477539063e-7},"rotation":{"x":-0.0009572439594194293,"y":0.990566074848175,"z":-0.006831231527030468,"w":-0.13695044815540315},"size":3.825316905975342,"orthographic":true}