{"cameraMode":{"drawMode":0,"name":"Shaded","section":"Shading Mode"},"sceneLighting":false,"audioPlay":false,"sceneViewState":{"showFog":true,"showMaterialUpdate":false,"showSkybox":false,"showFlares":true,"showImageEffects":true,"showParticleSystems":true},"in2DMode":false,"pivot":{"x":-7.330846309661865,"y":1.2580046653747559,"z":-7.52345085144043},"rotation":{"x":0.010562431998550892,"y":-0.9514371156692505,"z":0.03283603489398956,"w":0.3059181571006775},"size":0.7553107142448425,"orthographic":false}