{"cameraMode":{"drawMode":0,"name":"Shaded","section":"Shading Mode"},"sceneLighting":false,"audioPlay":false,"sceneViewState":{"showFog":true,"showMaterialUpdate":false,"showSkybox":false,"showFlares":true,"showImageEffects":true,"showParticleSystems":true},"in2DMode":false,"pivot":{"x":-37.70794677734375,"y":23.118194580078126,"z":45.312225341796878},"rotation":{"x":0.06546804308891297,"y":-0.7810255289077759,"z":0.08298815041780472,"w":0.6155475974082947},"size":148.8450164794922,"orthographic":true}