{"cameraMode":{"drawMode":0,"name":"Shaded","section":"Shading Mode"},"sceneLighting":false,"audioPlay":false,"sceneViewState":{"showFog":true,"showMaterialUpdate":false,"showSkybox":false,"showFlares":true,"showImageEffects":true,"showParticleSystems":true},"in2DMode":false,"pivot":{"x":0.0,"y":0.3280000686645508,"z":-0.09534037858247757},"rotation":{"x":0.21871758997440339,"y":-0.0026393099687993528,"z":0.0005885842838324606,"w":0.9757895469665527},"size":3.53562593460083,"orthographic":false}