{"cameraMode":{"drawMode":0,"name":"Shaded","section":"Shading Mode"},"sceneLighting":false,"audioPlay":false,"sceneViewState":{"showFog":true,"showMaterialUpdate":false,"showSkybox":false,"showFlares":true,"showImageEffects":true,"showParticleSystems":true},"in2DMode":false,"pivot":{"x":0.5537776947021484,"y":1.3306891918182374,"z":-3.0214691162109377},"rotation":{"x":0.007190006319433451,"y":0.7784156203269959,"z":-0.008844311349093914,"w":0.6277176141738892},"size":0.38472461700439455,"orthographic":true}