{"cameraMode":{"drawMode":0,"name":"Shaded","section":"Shading Mode"},"sceneLighting":false,"audioPlay":false,"sceneViewState":{"showFog":true,"showMaterialUpdate":false,"showSkybox":false,"showFlares":true,"showImageEffects":true,"showParticleSystems":true},"in2DMode":false,"pivot":{"x":5.960464477539063e-8,"y":5.960464477539063e-8,"z":0.5000001192092896},"rotation":{"x":0.3638398349285126,"y":-0.3725433945655823,"z":0.16169524192810059,"w":0.8382675051689148},"size":0.5050495266914368,"orthographic":false}