{"cameraMode":{"drawMode":0,"name":"Shaded","section":"Shading Mode"},"sceneLighting":false,"audioPlay":false,"sceneViewState":{"showFog":true,"showMaterialUpdate":false,"showSkybox":false,"showFlares":true,"showImageEffects":true,"showParticleSystems":true},"in2DMode":false,"pivot":{"x":0.11140906810760498,"y":0.9173190593719482,"z":0.1950819492340088},"rotation":{"x":-0.02174525149166584,"y":-0.9573357701301575,"z":0.07482636719942093,"w":-0.27830231189727785},"size":0.7070576548576355,"orthographic":false}