{"cameraMode":{"drawMode":0,"name":"Shaded","section":"Shading Mode"},"sceneLighting":true,"audioPlay":false,"sceneViewState":{"showFog":true,"showMaterialUpdate":false,"showSkybox":true,"showFlares":true,"showImageEffects":true,"showParticleSystems":true},"in2DMode":false,"pivot":{"x":545.5989990234375,"y":324.83587646484377,"z":-358.946044921875},"rotation":{"x":-0.2005191594362259,"y":0.45599403977394106,"z":-0.10620706528425217,"w":-0.8606046438217163},"size":11.874079704284668,"orthographic":true}