{"cameraMode":{"drawMode":0,"name":"Shaded","section":"Shading Mode"},"sceneLighting":false,"audioPlay":false,"sceneViewState":{"showFog":true,"showMaterialUpdate":false,"showSkybox":false,"showFlares":true,"showImageEffects":true,"showParticleSystems":true},"in2DMode":false,"pivot":{"x":0.0,"y":0.006686716340482235,"z":0.0009905858896672726},"rotation":{"x":0.036354001611471179,"y":0.9512693881988525,"z":-0.28024882078170779,"w":0.12339901179075241},"size":2.0506973266601564,"orthographic":true}