{"cameraMode":{"drawMode":0,"name":"Shaded","section":"Shading Mode"},"sceneLighting":true,"audioPlay":false,"sceneViewState":{"showFog":true,"showMaterialUpdate":false,"showSkybox":true,"showFlares":true,"showImageEffects":true,"showParticleSystems":true},"in2DMode":false,"pivot":{"x":2.610236167907715,"y":1.1026992797851563,"z":-1.482971429824829},"rotation":{"x":0.004714638460427523,"y":0.6180716753005981,"z":-0.0037103863433003427,"w":0.7861073613166809},"size":4.447593688964844,"orthographic":false}