{"cameraMode":{"drawMode":0,"name":"Shaded","section":"Shading Mode"},"sceneLighting":false,"audioPlay":false,"sceneViewState":{"showFog":true,"showMaterialUpdate":false,"showSkybox":false,"showFlares":true,"showImageEffects":true,"showParticleSystems":true},"in2DMode":false,"pivot":{"x":7.706514358520508,"y":-7.5590972900390629,"z":29.128389358520509},"rotation":{"x":0.466922402381897,"y":0.02413018047809601,"z":-0.012754584662616253,"w":0.8838872313499451},"size":60.50493621826172,"orthographic":false}