{"cameraMode":{"drawMode":0,"name":"Shaded","section":"Shading Mode"},"sceneLighting":false,"audioPlay":false,"sceneViewState":{"showFog":true,"showMaterialUpdate":false,"showSkybox":false,"showFlares":true,"showImageEffects":true,"showParticleSystems":true},"in2DMode":false,"pivot":{"x":-1.5283422470092774,"y":10.965740203857422,"z":341.0878601074219},"rotation":{"x":0.4789089858531952,"y":0.01579994335770607,"z":-0.008621292188763619,"w":0.8776798844337463},"size":75.29396057128906,"orthographic":false}