{"cameraMode":{"drawMode":0,"name":"Shaded","section":"Shading Mode"},"sceneLighting":true,"audioPlay":false,"sceneViewState":{"showFog":true,"showMaterialUpdate":false,"showSkybox":true,"showFlares":true,"showImageEffects":true,"showParticleSystems":true},"in2DMode":false,"pivot":{"x":2.535435676574707,"y":5.326831340789795,"z":11.059656143188477},"rotation":{"x":-0.16859351098537446,"y":0.42811912298202517,"z":-0.08157830685377121,"w":-0.8841513395309448},"size":8.158595085144043,"orthographic":true}