{"cameraMode":{"drawMode":0,"name":"Shaded","section":"Shading Mode"},"sceneLighting":false,"audioPlay":false,"sceneViewState":{"showFog":true,"showMaterialUpdate":false,"showSkybox":false,"showFlares":true,"showImageEffects":true,"showParticleSystems":true},"in2DMode":false,"pivot":{"x":-6.953575134277344,"y":0.4475092887878418,"z":7.566719055175781},"rotation":{"x":0.1482381969690323,"y":-0.7249549031257629,"z":0.16477786004543305,"w":0.652166485786438},"size":2.135594129562378,"orthographic":false}