{"cameraMode":{"drawMode":0,"name":"Shaded","section":"Shading Mode"},"sceneLighting":false,"audioPlay":false,"sceneViewState":{"showFog":true,"showMaterialUpdate":false,"showSkybox":false,"showFlares":true,"showImageEffects":true,"showParticleSystems":true},"in2DMode":false,"pivot":{"x":0.011114493012428284,"y":1.2291165590286255,"z":0.117435023188591},"rotation":{"x":0.036714427173137668,"y":-0.7135080099105835,"z":0.0374937579035759,"w":0.6986796855926514},"size":1.324823021888733,"orthographic":true}