{"cameraMode":{"drawMode":0,"name":"Shaded","section":"Shading Mode"},"sceneLighting":false,"audioPlay":false,"sceneViewState":{"showFog":true,"showMaterialUpdate":false,"showSkybox":false,"showFlares":true,"showImageEffects":true,"showParticleSystems":true},"in2DMode":false,"pivot":{"x":0.1679682731628418,"y":1.2554683685302735,"z":0.6820181012153626},"rotation":{"x":-0.08974353969097138,"y":0.7228049039840698,"z":-0.09546689689159394,"w":-0.6785838603973389},"size":0.7786518335342407,"orthographic":true}