{"cameraMode":{"drawMode":0,"name":"Shaded","section":"Shading Mode"},"sceneLighting":false,"audioPlay":false,"sceneViewState":{"showFog":true,"showMaterialUpdate":false,"showSkybox":false,"showFlares":true,"showImageEffects":true,"showParticleSystems":true},"in2DMode":false,"pivot":{"x":0.000003814697265625,"y":6.9847307205200199,"z":216.0},"rotation":{"x":0.2567002475261688,"y":-0.4067336320877075,"z":0.12022259086370468,"w":0.8684586882591248},"size":115.19610595703125,"orthographic":true}