{"cameraMode":{"drawMode":0,"name":"Shaded","section":"Shading Mode"},"sceneLighting":false,"audioPlay":false,"sceneViewState":{"showFog":true,"showMaterialUpdate":false,"showSkybox":false,"showFlares":true,"showImageEffects":true,"showParticleSystems":true},"in2DMode":false,"pivot":{"x":42.66666793823242,"y":0.2733334004878998,"z":42.66666793823242},"rotation":{"x":0.23543137311935426,"y":-0.6709384918212891,"z":0.238845556974411,"w":0.661341667175293},"size":1.51760995388031,"orthographic":true}