{"cameraMode":{"drawMode":0,"name":"Shaded","section":"Shading Mode"},"sceneLighting":true,"audioPlay":false,"sceneViewState":{"showFog":true,"showMaterialUpdate":false,"showSkybox":true,"showFlares":true,"showImageEffects":true,"showParticleSystems":true},"in2DMode":false,"pivot":{"x":-6.303813934326172,"y":3.4327306747436525,"z":48.323089599609378},"rotation":{"x":0.062057238072156909,"y":-0.5588492751121521,"z":0.041992444545030597,"w":0.8258777260780335},"size":8.089681625366211,"orthographic":true}