{"cameraMode":{"drawMode":0,"name":"Shaded","section":"Shading Mode"},"sceneLighting":false,"audioPlay":false,"sceneViewState":{"showFog":true,"showMaterialUpdate":false,"showSkybox":false,"showFlares":true,"showImageEffects":true,"showParticleSystems":true},"in2DMode":false,"pivot":{"x":-3.725290298461914e-8,"y":0.18027231097221375,"z":0.32270365953445437},"rotation":{"x":0.01318042166531086,"y":0.5315080285072327,"z":0.008349734358489514,"w":-0.8469615578651428},"size":0.5669054985046387,"orthographic":true}