{"cameraMode":{"drawMode":0,"name":"Shaded","section":"Shading Mode"},"sceneLighting":false,"audioPlay":false,"sceneViewState":{"showFog":true,"showMaterialUpdate":false,"showSkybox":false,"showFlares":true,"showImageEffects":true,"showParticleSystems":true},"in2DMode":false,"pivot":{"x":-29.548582077026368,"y":13.572927474975586,"z":37.422855377197269},"rotation":{"x":-0.16116397082805634,"y":-0.7592365145683289,"z":0.20522759854793549,"w":-0.5962166786193848},"size":128.03018188476563,"orthographic":false}