{"cameraMode":{"drawMode":0,"name":"Shaded","section":"Shading Mode"},"sceneLighting":true,"audioPlay":false,"sceneViewState":{"showFog":true,"showMaterialUpdate":false,"showSkybox":true,"showFlares":true,"showImageEffects":true,"showParticleSystems":true},"in2DMode":false,"pivot":{"x":6.763494491577148,"y":-31.700889587402345,"z":52.08204650878906},"rotation":{"x":0.28625258803367617,"y":0.06488916277885437,"z":-0.019461307674646379,"w":0.9557676315307617},"size":82.39471435546875,"orthographic":false}