{"cameraMode":{"drawMode":0,"name":"Shaded","section":"Shading Mode"},"sceneLighting":false,"audioPlay":false,"sceneViewState":{"showFog":true,"showMaterialUpdate":false,"showSkybox":false,"showFlares":true,"showImageEffects":true,"showParticleSystems":true},"in2DMode":false,"pivot":{"x":0.7757054567337036,"y":0.21648669242858888,"z":0.4154787063598633},"rotation":{"x":0.036354001611471179,"y":0.9512693881988525,"z":-0.28024882078170779,"w":0.12339901179075241},"size":1.3486384153366089,"orthographic":true}