{"cameraMode":{"drawMode":0,"name":"Shaded","section":"Shading Mode"},"sceneLighting":false,"audioPlay":false,"sceneViewState":{"showFog":true,"showMaterialUpdate":false,"showSkybox":false,"showFlares":true,"showImageEffects":true,"showParticleSystems":true},"in2DMode":false,"pivot":{"x":0.024999991059303285,"y":0.7120316028594971,"z":0.028428375720977784},"rotation":{"x":-0.07681503891944885,"y":0.6937413811683655,"z":-0.07476489245891571,"w":-0.712242841720581},"size":1.422632098197937,"orthographic":true}