{"cameraMode":{"drawMode":0,"name":"Shaded","section":"Shading Mode"},"sceneLighting":false,"audioPlay":false,"sceneViewState":{"showFog":true,"showMaterialUpdate":false,"showSkybox":false,"showFlares":true,"showImageEffects":true,"showParticleSystems":true},"in2DMode":false,"pivot":{"x":-1.596402883529663,"y":0.4205021858215332,"z":-9.340660095214844},"rotation":{"x":0.004714638460427523,"y":0.6180716753005981,"z":-0.0037103863433003427,"w":0.7861073613166809},"size":16.65394401550293,"orthographic":false}