{"cameraMode":{"drawMode":0,"name":"Shaded","section":"Shading Mode"},"sceneLighting":false,"audioPlay":false,"sceneViewState":{"showFog":true,"showMaterialUpdate":false,"showSkybox":false,"showFlares":true,"showImageEffects":true,"showParticleSystems":true},"in2DMode":false,"pivot":{"x":-4.679999828338623,"y":-1.6441937685012818,"z":-0.3600000739097595},"rotation":{"x":-0.28220412135124209,"y":0.13160935044288636,"z":-0.03911146894097328,"w":-0.9495056867599487},"size":0.5150548219680786,"orthographic":true}