{"cameraMode":{"drawMode":0,"name":"Shaded","section":"Shading Mode"},"sceneLighting":true,"audioPlay":false,"sceneViewState":{"showFog":true,"showMaterialUpdate":false,"showSkybox":true,"showFlares":true,"showImageEffects":true,"showParticleSystems":true},"in2DMode":false,"pivot":{"x":0.02390432357788086,"y":0.7215186357498169,"z":22.87177085876465},"rotation":{"x":0.21445120871067048,"y":0.7553498148918152,"z":-0.29865291714668276,"w":0.5424833297729492},"size":23.76236343383789,"orthographic":false}