{"cameraMode":{"drawMode":0,"name":"Shaded","section":"Shading Mode"},"sceneLighting":false,"audioPlay":false,"sceneViewState":{"showFog":true,"showMaterialUpdate":false,"showSkybox":false,"showFlares":true,"showImageEffects":true,"showParticleSystems":true},"in2DMode":false,"pivot":{"x":0.024999991059303285,"y":0.7120316028594971,"z":0.028428375720977784},"rotation":{"x":-0.017400437965989114,"y":-0.9666038751602173,"z":0.06825867295265198,"w":-0.24640467762947083},"size":7.829010963439941,"orthographic":true}