{"cameraMode":{"drawMode":0,"name":"Shaded","section":"Shading Mode"},"sceneLighting":true,"audioPlay":false,"sceneViewState":{"showFog":true,"showMaterialUpdate":false,"showSkybox":true,"showFlares":true,"showImageEffects":true,"showParticleSystems":true},"in2DMode":false,"pivot":{"x":-1.1230452060699463,"y":0.21143467724323274,"z":0.045156389474868777},"rotation":{"x":-0.7467004656791687,"y":-0.02530786581337452,"z":0.028459671884775163,"w":-0.6640763282775879},"size":24.776470184326173,"orthographic":true}