{"cameraMode":{"drawMode":0,"name":"Shaded","section":"Shading Mode"},"sceneLighting":false,"audioPlay":false,"sceneViewState":{"showFog":true,"showMaterialUpdate":false,"showSkybox":false,"showFlares":true,"showImageEffects":true,"showParticleSystems":true},"in2DMode":false,"pivot":{"x":2.7071943283081056,"y":0.420501708984375,"z":49.1496696472168},"rotation":{"x":0.38295015692710879,"y":-0.008041894994676113,"z":0.0033278819173574449,"w":0.9237372279167175},"size":78.00501251220703,"orthographic":false}