{"cameraMode":{"drawMode":0,"name":"Shaded","section":"Shading Mode"},"sceneLighting":false,"audioPlay":false,"sceneViewState":{"showFog":true,"showMaterialUpdate":false,"showSkybox":false,"showFlares":true,"showImageEffects":true,"showParticleSystems":true},"in2DMode":false,"pivot":{"x":0.0,"y":0.328000009059906,"z":-0.11000001430511475},"rotation":{"x":-0.5978285074234009,"y":0.3354608416557312,"z":-0.30287104845046999,"w":-0.6621398329734802},"size":0.023713847622275354,"orthographic":true}