{"cameraMode":{"drawMode":0,"name":"Shaded","section":"Shading Mode"},"sceneLighting":true,"audioPlay":false,"sceneViewState":{"showFog":true,"showMaterialUpdate":false,"showSkybox":true,"showFlares":true,"showImageEffects":true,"showParticleSystems":true},"in2DMode":false,"pivot":{"x":-4.577081203460693,"y":0.8022623658180237,"z":-4.137792587280273},"rotation":{"x":0.10507166385650635,"y":0.7487603425979614,"z":-0.12237424403429032,"w":0.642930269241333},"size":0.9113063216209412,"orthographic":false}