{"cameraMode":{"drawMode":0,"name":"Shaded","section":"Shading Mode"},"sceneLighting":false,"audioPlay":false,"sceneViewState":{"showFog":true,"showMaterialUpdate":false,"showSkybox":false,"showFlares":true,"showImageEffects":true,"showParticleSystems":true},"in2DMode":false,"pivot":{"x":-7.186402797698975,"y":0.5105018615722656,"z":-59.65066146850586},"rotation":{"x":0.002859888132661581,"y":-0.9711334109306336,"z":0.011653315275907517,"w":0.23826290667057038},"size":1.120983600616455,"orthographic":true}